STATE/UT,CRIME HEAD,2001,2002,2003,2004,2005,2006,2007,2008,2009,2010,2011,2012,2013,2014,2015
Andhra Pradesh,INFANTICIDE,1,1,3,1,1,0,1,0,9,6,0,8,7,8,6
Arunachal Pradesh,INFANTICIDE,0,0,0,0,0,0,0,0,0,0,0,0,0,0,0
Assam,INFANTICIDE,0,1,0,0,1,0,0,0,0,0,0,0,0,0,1
Bihar,INFANTICIDE,0,0,0,0,1,1,1,1,0,2,3,1,0,1,0
Chhattisgarh,INFANTICIDE,6,6,9,12,9,8,8,7,3,1,8,8,15,5,4
Goa,INFANTICIDE,0,0,0,0,0,1,1,0,0,1,0,0,0,0,0
Gujarat,INFANTICIDE,1,4,0,5,2,0,7,0,1,0,0,0,0,1,1
Haryana,INFANTICIDE,0,6,5,2,0,10,1,4,0,7,0,0,0,3,5
Himachal Pradesh,INFANTICIDE,0,0,1,0,0,0,0,0,0,1,0,0,0,0,2
Jammu & Kashmir,INFANTICIDE,0,1,0,0,0,0,0,0,2,0,0,0,0,1,1
Jharkhand,INFANTICIDE,3,1,0,0,0,1,1,1,1,3,1,0,1,4,0
Karnataka,INFANTICIDE,17,3,0,8,5,9,3,13,4,2,8,3,4,11,0
Kerala,INFANTICIDE,1,1,0,2,0,1,1,0,0,1,1,0,0,0,4
Madhya Pradesh,INFANTICIDE,31,18,24,23,28,43,29,22,12,20,13,17,8,14,25
Maharashtra,INFANTICIDE,26,24,11,6,3,4,2,3,1,3,3,11,6,12,7
Manipur,INFANTICIDE,0,0,0,0,0,0,0,0,0,0,0,0,0,0,0
Meghalaya,INFANTICIDE,0,0,0,0,1,0,0,0,2,0,0,0,1,0,0
Mizoram,INFANTICIDE,0,0,0,0,0,0,0,0,0,0,0,0,0,0,0
Nagaland,INFANTICIDE,0,0,0,0,0,1,1,0,0,0,0,0,0,0,0
Odisha,INFANTICIDE,0,0,0,0,1,1,0,0,0,0,0,0,0,3,0
Punjab,INFANTICIDE,3,0,8,7,9,2,3,2,6,8,1,6,7,8,3
Rajasthan,INFANTICIDE,3,2,9,1,1,6,1,4,2,7,3,3,8,33,18
Sikkim,INFANTICIDE,0,0,0,1,1,3,0,2,0,0,1,1,0,0,0
Tamil Nadu,INFANTICIDE,1,16,14,17,1,1,10,20,9,7,7,6,13,0,2
Tripura,INFANTICIDE,0,0,0,0,0,0,0,0,1,0,0,0,0,0,0
Uttar Pradesh,INFANTICIDE,39,30,19,17,44,34,61,60,9,31,13,14,10,11,9
Uttarakhand,INFANTICIDE,0,0,0,0,0,0,0,0,0,0,0,0,0,0,0
West Bengal,INFANTICIDE,0,0,0,0,0,0,3,1,0,0,0,1,0,0,0
A&N Islands,INFANTICIDE,0,1,0,0,0,0,0,0,0,0,0,0,0,0,0
Chandigarh,INFANTICIDE,0,0,0,0,0,0,0,0,0,0,0,0,0,0,0
D&N Haveli,INFANTICIDE,0,0,0,0,0,0,0,0,0,0,0,0,0,0,0
Daman & Diu,INFANTICIDE,0,0,0,0,0,0,0,0,0,0,0,0,0,0,0
Delhi UT,INFANTICIDE,1,0,0,0,0,0,0,0,1,0,1,2,2,6,3
Lakshadweep,INFANTICIDE,0,0,0,0,0,0,0,0,0,0,0,0,0,0,0
Puducherry,INFANTICIDE,0,0,0,0,0,0,0,0,0,0,0,0,0,0,0
INDIA,INFANTICIDE,133,115,103,102,108,126,134,140,63,100,63,81,82,121,91
Andhra Pradesh,RAPE,84,137,383,363,315,412,363,412,416,446,646,613,770,1060,1194
Arunachal Pradesh,RAPE,0,3,9,11,10,0,1,11,16,12,20,18,35,43,34
Assam,RAPE,0,3,5,7,90,61,34,27,10,39,40,156,230,125,43
Bihar,RAPE,16,3,3,3,8,17,110,91,63,114,91,137,86,103,116
Chhattisgarh,RAPE,150,182,186,308,382,448,368,411,394,382,477,519,595,806,317
Goa,RAPE,10,7,22,20,15,14,15,18,30,23,20,38,59,57,50
Gujarat,RAPE,39,67,75,96,90,112,98,99,91,102,130,150,263,291,57
Haryana,RAPE,108,84,77,24,131,176,122,70,116,107,66,276,388,416,261
Himachal Pradesh,RAPE,35,26,36,32,58,41,48,68,83,72,72,89,130,135,139
Jammu & Kashmir,RAPE,6,7,2,4,4,8,12,5,4,8,9,13,25,37,28
Jharkhand,RAPE,11,43,16,43,22,28,23,8,8,0,16,6,23,78,24
Karnataka,RAPE,11,19,25,42,48,84,84,97,104,108,97,142,270,694,0
Kerala,RAPE,64,186,69,159,140,219,183,215,235,208,423,455,637,754,720
Madhya Pradesh,RAPE,390,517,699,710,870,829,1043,892,1071,1182,1262,1632,2112,2352,1568
Maharashtra,RAPE,367,491,605,634,634,655,615,690,612,747,818,917,1546,1714,2231
Manipur,RAPE,0,0,7,4,4,15,4,22,12,11,19,17,40,38,13
Meghalaya,RAPE,0,16,24,22,51,47,41,34,60,91,66,81,112,61,38
Mizoram,RAPE,0,2,9,0,0,35,60,18,11,42,40,73,57,91,30
Nagaland,RAPE,0,6,0,1,0,11,2,0,0,3,15,7,3,11,8
Odisha,RAPE,17,21,55,31,28,101,92,65,87,74,165,192,509,753,1052
Punjab,RAPE,38,52,54,54,51,58,135,106,210,144,166,295,490,476,462
Rajasthan,RAPE,35,38,49,137,246,311,406,420,371,369,394,572,892,825,728
Sikkim,RAPE,4,4,8,1,14,14,17,12,14,14,11,21,25,40,1
Tamil Nadu,RAPE,20,29,47,166,115,125,141,187,182,203,271,292,419,0,0
Tripura,RAPE,0,0,0,28,20,37,33,104,83,107,45,17,43,122,98
Uttar Pradesh,RAPE,562,416,301,394,394,347,471,900,625,451,1088,1040,1381,1538,594
Uttarakhand,RAPE,9,8,11,17,18,23,17,9,7,10,23,34,32,84,52
West Bengal,RAPE,12,16,16,19,6,20,92,129,109,73,252,285,377,0,0
A&N Islands,RAPE,0,1,2,8,2,5,3,8,12,15,9,10,21,20,26
Chandigarh,RAPE,8,6,9,13,21,8,8,10,21,16,15,17,19,32,41
D&N Haveli,RAPE,0,0,0,0,0,3,3,3,2,3,1,1,4,2,2
Daman & Diu,RAPE,0,0,4,1,1,1,0,0,1,1,0,4,4,1,0
Delhi UT,RAPE,113,138,140,186,235,448,398,301,307,304,339,415,757,1004,927
Lakshadweep,RAPE,0,0,0,0,0,0,0,0,0,0,0,0,0,0,0
Puducherry,RAPE,4,4,1,4,3,8,3,4,1,3,6,7,9,3,0
INDIA,RAPE,2113,2532,2949,3542,4026,4721,5045,5446,5368,5484,7112,8541,12363,13766,10854
Andhra Pradesh,KIDNAPPING & ABDUCTION,57,86,373,396,332,498,609,433,632,581,735,781,1014,1234,1105
Arunachal Pradesh,KIDNAPPING & ABDUCTION,0,3,9,8,12,27,3,13,17,5,15,20,40,66,120
Assam,KIDNAPPING & ABDUCTION,18,1,0,3,18,25,29,7,5,17,29,68,80,152,383
Bihar,KIDNAPPING & ABDUCTION,26,26,33,29,72,25,421,496,722,1359,1821,2546,1180,1585,1231
Chhattisgarh,KIDNAPPING & ABDUCTION,46,45,45,70,110,113,103,96,121,186,283,276,1634,1844,1846
Goa,KIDNAPPING & ABDUCTION,6,4,9,9,11,10,7,24,21,14,17,15,90,134,102
Gujarat,KIDNAPPING & ABDUCTION,120,273,267,300,285,360,436,521,503,565,605,834,1429,2101,1589
Haryana,KIDNAPPING & ABDUCTION,124,54,92,42,101,158,107,104,149,123,144,535,911,816,1255
Himachal Pradesh,KIDNAPPING & ABDUCTION,20,24,23,26,37,52,61,78,72,86,108,97,198,210,232
Jammu & Kashmir,KIDNAPPING & ABDUCTION,15,23,38,27,48,72,8,3,10,5,5,23,26,139,244
Jharkhand,KIDNAPPING & ABDUCTION,4,21,3,18,11,11,7,18,8,6,18,32,48,94,110
Karnataka,KIDNAPPING & ABDUCTION,14,23,29,41,35,62,62,99,67,125,109,471,700,1177,1605
Kerala,KIDNAPPING & ABDUCTION,28,65,23,74,45,73,73,87,83,111,129,147,136,130,171
Madhya Pradesh,KIDNAPPING & ABDUCTION,100,154,210,179,240,237,283,264,427,440,517,630,2262,6339,5265
Maharashtra,KIDNAPPING & ABDUCTION,210,275,337,380,420,552,590,598,534,749,858,893,1698,2616,6960
Manipur,KIDNAPPING & ABDUCTION,0,0,26,27,13,32,42,61,52,60,65,61,56,69,52
Meghalaya,KIDNAPPING & ABDUCTION,0,4,8,9,11,13,9,21,9,16,16,9,35,43,48
Mizoram,KIDNAPPING & ABDUCTION,0,0,3,0,0,0,0,2,1,0,3,1,2,2,9
Nagaland,KIDNAPPING & ABDUCTION,0,1,0,0,0,0,2,3,0,7,0,5,4,7,40
Odisha,KIDNAPPING & ABDUCTION,22,8,25,11,16,17,36,8,30,51,85,96,366,800,986
Punjab,KIDNAPPING & ABDUCTION,35,62,67,53,59,169,296,184,355,373,349,459,690,871,937
Rajasthan,KIDNAPPING & ABDUCTION,62,52,46,128,132,392,589,504,761,706,785,847,1426,1814,1690
Sikkim,KIDNAPPING & ABDUCTION,0,0,0,2,2,6,5,3,6,5,7,6,14,17,2
Tamil Nadu,KIDNAPPING & ABDUCTION,7,29,37,93,69,118,197,275,300,459,519,576,499,390,398
Tripura,KIDNAPPING & ABDUCTION,0,0,0,14,6,0,11,23,12,22,28,0,21,88,92
Uttar Pradesh,KIDNAPPING & ABDUCTION,1185,539,561,735,749,734,1041,2224,1535,1225,3739,4239,6002,1569,5913
Uttarakhand,KIDNAPPING & ABDUCTION,16,3,2,2,41,5,46,24,10,9,39,53,181,275,444
West Bengal,KIDNAPPING & ABDUCTION,86,94,32,99,102,156,88,196,199,332,660,767,1388,2351,1951
A&N Islands,KIDNAPPING & ABDUCTION,0,1,1,3,2,4,7,12,10,9,11,8,12,12,28
Chandigarh,KIDNAPPING & ABDUCTION,32,22,14,36,23,43,30,36,27,23,40,59,164,130,164
D&N Haveli,KIDNAPPING & ABDUCTION,0,0,1,7,4,10,6,11,8,10,8,6,10,8,14
Daman & Diu,KIDNAPPING & ABDUCTION,0,0,1,0,2,1,0,0,0,1,2,2,8,4,21
Delhi UT,KIDNAPPING & ABDUCTION,612,426,255,371,507,1114,1161,1208,2248,2982,3528,3686,5809,6452,6881
Lakshadweep,KIDNAPPING & ABDUCTION,0,0,0,0,0,0,0,0,0,0,0,0,0,0,0
Puducherry,KIDNAPPING & ABDUCTION,0,4,1,4,3,13,12,14,11,8,7,18,34,9,5
INDIA,KIDNAPPING & ABDUCTION,2845,2322,2571,3196,3518,5102,6377,7650,8945,10670,15284,18266,28167,37854,41893
Andhra Pradesh,FOETICIDE,0,0,0,0,1,5,0,2,6,1,7,1,7,0,2
Arunachal Pradesh,FOETICIDE,0,0,0,0,0,0,0,0,0,0,0,0,0,0,0
Assam,FOETICIDE,0,0,0,0,1,1,0,0,0,0,0,0,0,0,0
Bihar,FOETICIDE,0,1,0,1,0,0,0,0,5,0,1,1,1,0,0
Chhattisgarh,FOETICIDE,5,0,6,6,21,5,10,9,7,9,21,5,15,5,11
Goa,FOETICIDE,0,0,0,0,0,0,0,0,0,0,0,0,0,0,0
Gujarat,FOETICIDE,4,9,4,0,4,6,1,1,3,10,0,7,2,0,1
Haryana,FOETICIDE,3,6,2,15,8,9,4,5,3,2,5,28,21,6,14
Himachal Pradesh,FOETICIDE,0,6,0,2,1,5,1,2,1,0,0,0,2,4,1
Jammu & Kashmir,FOETICIDE,0,2,0,0,0,0,0,0,0,1,1,0,0,0,0
Jharkhand,FOETICIDE,0,0,1,1,0,1,0,0,0,0,1,0,4,1,1
Karnataka,FOETICIDE,1,7,0,4,7,13,7,5,7,4,1,3,0,0,1
Kerala,FOETICIDE,0,2,0,0,1,0,0,0,0,0,0,1,1,0,0
Madhya Pradesh,FOETICIDE,7,4,11,9,12,14,10,8,39,18,38,64,79,30,17
Maharashtra,FOETICIDE,17,10,5,15,4,10,1,2,17,5,12,22,17,7,11
Manipur,FOETICIDE,0,0,0,0,0,0,0,0,0,0,0,0,0,0,0
Meghalaya,FOETICIDE,0,0,0,0,0,0,0,0,0,0,0,0,0,0,0
Mizoram,FOETICIDE,0,0,0,0,0,0,0,0,0,0,0,0,0,0,0
Nagaland,FOETICIDE,0,0,0,0,0,0,0,0,0,0,0,0,0,0,0
Odisha,FOETICIDE,0,0,0,0,0,0,5,0,0,0,0,0,1,0,0
Punjab,FOETICIDE,7,10,11,8,12,22,35,24,23,15,15,25,12,10,10
Rajasthan,FOETICIDE,8,6,12,17,10,25,16,10,12,18,13,37,34,24,13
Sikkim,FOETICIDE,0,0,0,1,1,0,0,0,0,0,0,2,0,0,0
Tamil Nadu,FOETICIDE,0,0,0,0,0,0,0,0,0,0,0,0,1,0,0
Tripura,FOETICIDE,0,0,0,0,0,0,0,0,0,0,0,0,0,2,0
Uttar Pradesh,FOETICIDE,1,1,3,2,0,2,1,2,0,18,12,11,17,0,12
Uttarakhand,FOETICIDE,0,0,0,0,0,0,0,0,0,0,0,0,0,11,0
West Bengal,FOETICIDE,0,0,0,0,0,0,1,1,0,0,0,0,3,1,0
A&N Islands,FOETICIDE,0,0,0,0,0,0,0,0,0,3,0,1,1,0,0
Chandigarh,FOETICIDE,0,0,0,0,0,0,0,0,0,0,0,0,0,1,0
D&N Haveli,FOETICIDE,0,0,0,1,0,0,0,0,0,0,0,0,0,0,0
Daman & Diu,FOETICIDE,0,0,0,0,0,0,0,0,0,0,0,0,0,0,0
Delhi UT,FOETICIDE,2,20,2,4,3,7,4,2,0,7,5,2,3,5,3
Lakshadweep,FOETICIDE,0,0,0,0,0,0,0,0,0,0,0,0,0,0,0
Puducherry,FOETICIDE,0,0,0,0,0,0,0,0,0,0,0,0,0,0,0
INDIA,FOETICIDE,55,84,57,86,86,125,96,73,123,111,132,210,221,107,97
Andhra Pradesh,ABETMENT OF SUICIDE,7,13,3,2,4,11,6,7,13,9,11,21,14,10,1
Arunachal Pradesh,ABETMENT OF SUICIDE,0,0,0,0,0,0,0,0,0,0,0,0,0,1,0
Assam,ABETMENT OF SUICIDE,0,0,0,0,5,5,0,0,0,0,0,0,0,0,0
Bihar,ABETMENT OF SUICIDE,0,0,0,0,0,0,0,0,0,0,0,0,0,0,0
Chhattisgarh,ABETMENT OF SUICIDE,1,1,4,6,8,1,3,3,4,1,5,10,95,1,8
Goa,ABETMENT OF SUICIDE,0,0,0,0,0,1,0,1,0,1,2,1,1,1,0
Gujarat,ABETMENT OF SUICIDE,0,1,0,1,1,1,0,0,0,10,1,1,0,0,0
Haryana,ABETMENT OF SUICIDE,0,0,0,1,0,0,1,0,1,0,4,3,6,3,0
Himachal Pradesh,ABETMENT OF SUICIDE,0,0,0,0,0,1,0,2,1,1,1,0,1,2,1
Jammu & Kashmir,ABETMENT OF SUICIDE,0,0,0,0,0,0,0,0,0,0,0,0,0,0,0
Jharkhand,ABETMENT OF SUICIDE,0,0,0,0,0,0,0,0,0,0,0,0,1,0,0
Karnataka,ABETMENT OF SUICIDE,0,0,0,1,1,0,0,1,1,0,0,0,0,0,0
Kerala,ABETMENT OF SUICIDE,0,0,0,0,1,0,1,4,0,3,2,3,9,5,3
Madhya Pradesh,ABETMENT OF SUICIDE,8,1,9,5,7,12,5,6,8,7,12,19,16,6,8
Maharashtra,ABETMENT OF SUICIDE,4,6,5,8,11,7,8,3,13,16,12,13,26,19,13
Manipur,ABETMENT OF SUICIDE,0,0,0,0,0,0,0,0,0,0,0,0,0,0,0
Meghalaya,ABETMENT OF SUICIDE,0,0,0,0,0,0,0,0,0,0,0,0,0,0,0
Mizoram,ABETMENT OF SUICIDE,0,0,0,0,0,0,0,0,0,0,0,0,0,0,0
Nagaland,ABETMENT OF SUICIDE,0,0,0,0,0,0,0,0,0,0,0,0,0,0,0
Odisha,ABETMENT OF SUICIDE,4,0,1,0,0,1,0,0,0,0,1,0,1,0,0
Punjab,ABETMENT OF SUICIDE,0,0,0,1,0,0,0,1,4,2,0,2,0,0,2
Rajasthan,ABETMENT OF SUICIDE,1,0,0,0,0,0,0,0,0,2,0,6,1,1,1
Sikkim,ABETMENT OF SUICIDE,0,0,1,0,1,0,0,0,0,0,0,0,0,0,0
Tamil Nadu,ABETMENT OF SUICIDE,1,0,0,3,1,0,0,0,0,1,2,1,2,1,1
Tripura,ABETMENT OF SUICIDE,0,0,0,0,0,0,0,0,0,0,0,0,0,0,1
Uttar Pradesh,ABETMENT OF SUICIDE,0,0,2,4,2,3,0,0,0,0,5,57,36,1,8
Uttarakhand,ABETMENT OF SUICIDE,0,0,0,0,0,0,0,0,1,0,0,0,0,0,0
West Bengal,ABETMENT OF SUICIDE,0,0,0,1,1,0,0,0,0,3,3,7,5,3,4
A&N Islands,ABETMENT OF SUICIDE,0,0,0,0,0,0,0,0,0,0,0,0,0,0,0
Chandigarh,ABETMENT OF SUICIDE,0,1,0,0,0,0,1,0,0,0,0,0,0,0,0
D&N Haveli,ABETMENT OF SUICIDE,0,0,0,0,0,0,0,0,0,0,0,0,0,0,0
Daman & Diu,ABETMENT OF SUICIDE,0,0,0,0,0,0,0,0,0,0,0,0,0,1,0
Delhi UT,ABETMENT OF SUICIDE,0,0,0,0,0,2,1,0,0,0,0,0,1,1,0
Lakshadweep,ABETMENT OF SUICIDE,0,0,0,0,0,0,0,0,0,0,0,0,0,0,0
Puducherry,ABETMENT OF SUICIDE,0,1,0,0,0,0,0,1,0,0,0,0,0,0,0
INDIA,ABETMENT OF SUICIDE,26,24,25,33,43,45,26,29,46,56,61,144,215,56,51
Andhra Pradesh,EXPOSURE & ABANDONMENT,22,5,36,26,99,89,35,49,77,55,53,49,43,69,55
Arunachal Pradesh,EXPOSURE & ABANDONMENT,0,0,0,0,0,0,0,0,0,0,0,0,0,0,0
Assam,EXPOSURE & ABANDONMENT,0,0,0,0,0,0,0,0,0,0,0,0,0,0,0
Bihar,EXPOSURE & ABANDONMENT,1,1,1,1,0,0,0,0,0,0,1,0,1,1,0
Chhattisgarh,EXPOSURE & ABANDONMENT,15,17,3,14,6,14,7,3,3,6,7,9,7,5,21
Goa,EXPOSURE & ABANDONMENT,3,5,5,1,2,8,6,2,6,4,4,4,2,3,6
Gujarat,EXPOSURE & ABANDONMENT,112,76,82,95,141,150,149,156,129,121,105,79,113,87,60
Haryana,EXPOSURE & ABANDONMENT,16,15,24,15,32,24,12,13,20,24,15,15,8,36,27
Himachal Pradesh,EXPOSURE & ABANDONMENT,15,8,11,13,12,12,6,5,5,4,8,3,7,8,9
Jammu & Kashmir,EXPOSURE & ABANDONMENT,4,4,2,1,0,1,1,1,0,0,1,1,3,10,16
Jharkhand,EXPOSURE & ABANDONMENT,0,0,0,0,0,0,0,1,0,0,1,0,0,0,0
Karnataka,EXPOSURE & ABANDONMENT,7,10,11,17,18,31,25,31,21,30,21,41,58,101,100
Kerala,EXPOSURE & ABANDONMENT,9,9,1,0,3,4,6,6,7,9,4,4,4,5,4
Madhya Pradesh,EXPOSURE & ABANDONMENT,69,91,90,115,95,105,141,99,103,93,89,134,124,148,145
Maharashtra,EXPOSURE & ABANDONMENT,281,282,293,249,321,255,297,274,274,198,189,199,259,225,219
Manipur,EXPOSURE & ABANDONMENT,0,0,0,0,0,0,0,0,0,0,0,0,0,0,1
Meghalaya,EXPOSURE & ABANDONMENT,0,0,0,0,0,0,0,0,0,0,0,0,0,3,1
Mizoram,EXPOSURE & ABANDONMENT,0,0,0,0,0,0,0,0,0,0,0,1,0,0,0
Nagaland,EXPOSURE & ABANDONMENT,0,0,0,0,0,0,0,0,0,0,0,0,0,0,0
Odisha,EXPOSURE & ABANDONMENT,1,0,0,0,0,0,0,0,0,0,1,0,0,1,1
Punjab,EXPOSURE & ABANDONMENT,3,0,9,12,13,15,9,8,15,11,22,15,8,35,41
Rajasthan,EXPOSURE & ABANDONMENT,54,79,97,90,123,137,146,158,153,119,98,172,226,213,141
Sikkim,EXPOSURE & ABANDONMENT,0,0,0,0,5,1,4,0,3,0,0,0,0,0,0
Tamil Nadu,EXPOSURE & ABANDONMENT,1,5,7,20,6,12,28,19,0,0,2,4,2,1,2
Tripura,EXPOSURE & ABANDONMENT,0,0,0,0,0,0,0,0,0,0,0,0,0,0,0
Uttar Pradesh,EXPOSURE & ABANDONMENT,0,0,0,0,0,0,0,0,0,0,0,2,3,1,3
Uttarakhand,EXPOSURE & ABANDONMENT,0,0,0,1,0,0,0,0,0,0,0,0,0,0,0
West Bengal,EXPOSURE & ABANDONMENT,0,0,0,0,0,3,1,1,0,0,1,8,1,0,0
A&N Islands,EXPOSURE & ABANDONMENT,0,0,0,0,2,0,0,1,0,0,2,0,2,0,2
Chandigarh,EXPOSURE & ABANDONMENT,5,8,11,11,7,11,12,11,9,6,7,10,2,3,6
D&N Haveli,EXPOSURE & ABANDONMENT,0,0,0,0,0,1,1,0,0,0,0,0,0,0,2
Daman & Diu,EXPOSURE & ABANDONMENT,0,0,0,1,1,0,1,0,0,0,1,0,0,1,0
Delhi UT,EXPOSURE & ABANDONMENT,60,29,39,33,47,36,35,25,28,45,68,68,56,27,23
Lakshadweep,EXPOSURE & ABANDONMENT,0,0,0,0,0,0,0,0,0,0,0,0,0,0,0
Puducherry,EXPOSURE & ABANDONMENT,0,0,0,0,0,0,1,1,4,0,0,3,1,0,0
INDIA,EXPOSURE & ABANDONMENT,678,644,722,715,933,909,923,864,857,725,700,821,930,983,885
Andhra Pradesh,PROCURATION OF MINOR GIRLS,12,9,46,60,48,35,37,48,28,82,106,30,40,63,75
Arunachal Pradesh,PROCURATION OF MINOR GIRLS,0,0,0,0,0,0,0,0,0,0,0,0,0,1,0
Assam,PROCURATION OF MINOR GIRLS,0,6,12,8,0,0,0,0,0,75,142,122,129,303,1303
Bihar,PROCURATION OF MINOR GIRLS,16,9,1,7,5,4,36,45,58,152,183,48,193,280,305
Chhattisgarh,PROCURATION OF MINOR GIRLS,0,0,0,1,0,0,3,3,5,11,15,13,44,1,2
Goa,PROCURATION OF MINOR GIRLS,2,2,5,1,0,1,0,0,0,1,0,0,0,0,0
Gujarat,PROCURATION OF MINOR GIRLS,18,0,2,5,12,9,25,7,2,0,4,19,0,0,1
Haryana,PROCURATION OF MINOR GIRLS,5,0,3,0,0,0,0,0,0,0,0,0,0,277,190
Himachal Pradesh,PROCURATION OF MINOR GIRLS,0,3,4,0,0,2,2,2,6,3,3,3,1,3,0
Jammu & Kashmir,PROCURATION OF MINOR GIRLS,0,0,0,0,0,0,0,0,0,0,0,0,1,0,1
Jharkhand,PROCURATION OF MINOR GIRLS,1,5,5,5,4,26,25,18,0,21,15,16,17,12,27
Karnataka,PROCURATION OF MINOR GIRLS,0,7,1,4,7,2,8,4,4,21,8,45,71,61,65
Kerala,PROCURATION OF MINOR GIRLS,4,6,7,20,21,35,22,13,14,6,9,10,15,4,3
Madhya Pradesh,PROCURATION OF MINOR GIRLS,4,5,13,2,4,6,16,15,1,18,20,21,21,5,5
Maharashtra,PROCURATION OF MINOR GIRLS,21,34,20,14,5,15,13,13,42,26,20,31,41,7,6
Manipur,PROCURATION OF MINOR GIRLS,0,0,0,0,0,0,0,0,0,0,0,17,22,0,0
Meghalaya,PROCURATION OF MINOR GIRLS,0,0,0,0,4,3,8,0,3,0,0,0,8,11,18
Mizoram,PROCURATION OF MINOR GIRLS,0,0,0,0,0,0,0,0,0,0,0,0,0,0,0
Nagaland,PROCURATION OF MINOR GIRLS,0,0,0,0,0,0,0,0,0,0,0,0,0,0,0
Odisha,PROCURATION OF MINOR GIRLS,0,4,4,3,0,0,0,0,0,4,12,5,79,74,7
Punjab,PROCURATION OF MINOR GIRLS,7,5,0,0,2,0,0,0,3,0,0,0,1,5,6
Rajasthan,PROCURATION OF MINOR GIRLS,0,2,1,1,1,1,1,0,1,14,19,20,54,61,38
Sikkim,PROCURATION OF MINOR GIRLS,0,0,0,0,0,0,0,0,0,0,0,0,0,0,0
Tamil Nadu,PROCURATION OF MINOR GIRLS,0,0,0,6,0,1,2,1,0,13,0,28,0,0,9
Tripura,PROCURATION OF MINOR GIRLS,0,0,0,0,0,0,0,0,28,32,5,0,0,0,14
Uttar Pradesh,PROCURATION OF MINOR GIRLS,29,4,28,23,3,0,0,0,0,0,0,2,0,0,1
Uttarakhand,PROCURATION OF MINOR GIRLS,7,9,7,32,9,13,1,2,0,0,0,7,1,0,1
West Bengal,PROCURATION OF MINOR GIRLS,9,14,12,13,20,77,54,53,41,200,298,369,486,852,1003
A&N Islands,PROCURATION OF MINOR GIRLS,0,0,0,0,0,0,0,0,0,0,0,0,0,0,0
Chandigarh,PROCURATION OF MINOR GIRLS,0,0,0,0,0,0,0,0,0,0,0,0,0,0,7
D&N Haveli,PROCURATION OF MINOR GIRLS,0,0,0,0,0,0,0,0,0,0,0,0,0,0,0
Daman & Diu,PROCURATION OF MINOR GIRLS,0,0,0,0,0,0,0,0,0,0,0,0,0,0,0
Delhi UT,PROCURATION OF MINOR GIRLS,3,0,0,0,0,1,0,0,1,0,3,3,0,0,0
Lakshadweep,PROCURATION OF MINOR GIRLS,0,0,0,0,0,0,0,0,0,0,0,0,0,0,0
Puducherry,PROCURATION OF MINOR GIRLS,0,0,0,0,0,0,0,0,0,0,0,0,0,0,0
INDIA,PROCURATION OF MINOR GIRLS,138,124,171,205,145,231,253,224,237,679,862,809,1224,2020,3087
Andhra Pradesh,BUYING OF GIRLS FOR PROSTITUTION,0,1,0,0,9,5,0,1,1,0,0,0,0,0,1
Arunachal Pradesh,BUYING OF GIRLS FOR PROSTITUTION,0,0,0,0,0,0,0,0,0,0,0,0,0,0,0
Assam,BUYING OF GIRLS FOR PROSTITUTION,0,0,0,0,0,0,0,0,0,0,0,0,0,0,0
Bihar,BUYING OF GIRLS FOR PROSTITUTION,1,0,0,0,0,0,0,0,0,0,1,2,0,0,0
Chhattisgarh,BUYING OF GIRLS FOR PROSTITUTION,0,0,0,0,0,0,0,0,0,0,0,0,0,0,0
Goa,BUYING OF GIRLS FOR PROSTITUTION,0,0,0,0,0,0,0,0,0,0,0,0,0,0,0
Gujarat,BUYING OF GIRLS FOR PROSTITUTION,0,0,0,0,0,0,0,0,0,0,0,0,0,0,0
Haryana,BUYING OF GIRLS FOR PROSTITUTION,0,0,0,0,0,0,0,0,0,0,2,0,0,1,1
Himachal Pradesh,BUYING OF GIRLS FOR PROSTITUTION,0,0,0,0,0,0,0,0,0,0,0,0,0,0,0
Jammu & Kashmir,BUYING OF GIRLS FOR PROSTITUTION,0,0,0,0,0,0,0,0,0,0,0,0,0,0,0
Jharkhand,BUYING OF GIRLS FOR PROSTITUTION,0,0,0,0,0,0,0,1,0,3,1,5,2,4,0
Karnataka,BUYING OF GIRLS FOR PROSTITUTION,0,0,0,0,0,0,0,0,0,0,0,0,0,0,0
Kerala,BUYING OF GIRLS FOR PROSTITUTION,0,0,0,0,0,0,0,0,0,0,0,0,0,0,0
Madhya Pradesh,BUYING OF GIRLS FOR PROSTITUTION,0,0,0,0,1,0,0,1,0,0,2,0,0,1,0
Maharashtra,BUYING OF GIRLS FOR PROSTITUTION,1,8,5,11,6,23,31,25,29,27,20,4,2,7,7
Manipur,BUYING OF GIRLS FOR PROSTITUTION,0,0,0,0,0,0,0,0,0,0,0,0,0,0,0
Meghalaya,BUYING OF GIRLS FOR PROSTITUTION,0,0,0,0,0,0,0,0,0,0,0,0,0,0,0
Mizoram,BUYING OF GIRLS FOR PROSTITUTION,0,0,0,0,0,0,0,0,0,0,0,0,0,0,0
Nagaland,BUYING OF GIRLS FOR PROSTITUTION,0,0,0,0,0,0,0,0,0,0,0,0,0,0,0
Odisha,BUYING OF GIRLS FOR PROSTITUTION,0,0,0,0,0,0,0,0,0,0,0,0,0,0,0
Punjab,BUYING OF GIRLS FOR PROSTITUTION,0,0,0,0,1,0,0,0,0,0,0,0,0,0,0
Rajasthan,BUYING OF GIRLS FOR PROSTITUTION,0,0,1,1,0,2,0,0,0,0,0,0,1,0,0
Sikkim,BUYING OF GIRLS FOR PROSTITUTION,0,0,0,0,0,0,0,0,0,0,0,0,0,0,0
Tamil Nadu,BUYING OF GIRLS FOR PROSTITUTION,0,0,0,0,0,0,0,0,0,0,0,0,0,0,0
Tripura,BUYING OF GIRLS FOR PROSTITUTION,0,0,0,0,0,0,0,0,0,0,0,0,0,0,0
Uttar Pradesh,BUYING OF GIRLS FOR PROSTITUTION,1,0,0,0,0,0,1,0,0,0,1,0,0,0,2
Uttarakhand,BUYING OF GIRLS FOR PROSTITUTION,0,0,0,0,0,0,0,0,0,0,0,0,0,0,0
West Bengal,BUYING OF GIRLS FOR PROSTITUTION,3,0,18,9,2,4,6,2,2,48,0,3,1,1,0
A&N Islands,BUYING OF GIRLS FOR PROSTITUTION,0,0,0,0,0,0,0,0,0,0,0,0,0,0,0
Chandigarh,BUYING OF GIRLS FOR PROSTITUTION,0,0,0,0,0,0,0,0,0,0,0,0,0,0,0
D&N Haveli,BUYING OF GIRLS FOR PROSTITUTION,0,0,0,0,0,0,0,0,0,0,0,0,0,0,0
Daman & Diu,BUYING OF GIRLS FOR PROSTITUTION,0,0,0,0,0,0,0,0,0,0,0,0,0,0,0
Delhi UT,BUYING OF GIRLS FOR PROSTITUTION,0,0,0,0,9,1,2,0,0,0,0,1,0,0,0
Lakshadweep,BUYING OF GIRLS FOR PROSTITUTION,0,0,0,0,0,0,0,0,0,0,0,0,0,0,0
Puducherry,BUYING OF GIRLS FOR PROSTITUTION,0,0,0,0,0,0,0,0,0,0,0,0,0,0,0
INDIA,BUYING OF GIRLS FOR PROSTITUTION,6,9,24,21,28,35,40,30,32,78,27,15,6,14,11
Andhra Pradesh,SELLING OF GIRLS FOR PROSTITUTION,0,0,1,0,2,6,11,2,1,3,2,4,2,1,0
Arunachal Pradesh,SELLING OF GIRLS FOR PROSTITUTION,0,0,0,0,0,0,0,0,0,0,0,0,0,0,0
Assam,SELLING OF GIRLS FOR PROSTITUTION,0,0,0,1,2,1,0,0,0,3,0,0,0,0,0
Bihar,SELLING OF GIRLS FOR PROSTITUTION,1,0,0,1,0,0,1,0,0,0,1,10,3,2,0
Chhattisgarh,SELLING OF GIRLS FOR PROSTITUTION,0,0,0,0,0,0,0,1,0,0,1,0,0,2,2
Goa,SELLING OF GIRLS FOR PROSTITUTION,0,0,0,0,0,0,0,0,0,0,0,0,0,0,0
Gujarat,SELLING OF GIRLS FOR PROSTITUTION,0,0,0,0,0,0,0,0,1,0,0,0,2,0,0
Haryana,SELLING OF GIRLS FOR PROSTITUTION,2,1,0,0,0,0,0,0,0,0,2,0,2,0,2
Himachal Pradesh,SELLING OF GIRLS FOR PROSTITUTION,0,0,1,0,0,0,0,0,0,0,0,0,0,0,0
Jammu & Kashmir,SELLING OF GIRLS FOR PROSTITUTION,0,0,0,0,0,0,0,0,0,0,0,0,0,0,0
Jharkhand,SELLING OF GIRLS FOR PROSTITUTION,0,0,0,0,0,0,0,0,0,1,6,7,5,0,0
Karnataka,SELLING OF GIRLS FOR PROSTITUTION,0,1,0,0,0,0,0,0,1,0,1,0,1,1,0
Kerala,SELLING OF GIRLS FOR PROSTITUTION,0,0,0,0,0,0,0,0,0,0,0,0,0,0,0
Madhya Pradesh,SELLING OF GIRLS FOR PROSTITUTION,0,1,25,0,0,0,2,4,1,2,3,5,3,1,5
Maharashtra,SELLING OF GIRLS FOR PROSTITUTION,1,1,3,3,1,1,0,1,2,1,2,2,13,4,1
Manipur,SELLING OF GIRLS FOR PROSTITUTION,0,0,0,0,0,0,0,0,0,0,0,0,0,0,0
Meghalaya,SELLING OF GIRLS FOR PROSTITUTION,0,0,0,0,0,0,0,0,0,0,0,0,0,0,0
Mizoram,SELLING OF GIRLS FOR PROSTITUTION,0,0,0,0,0,0,0,0,0,0,0,1,0,0,0
Nagaland,SELLING OF GIRLS FOR PROSTITUTION,0,0,0,0,0,0,0,0,0,0,0,0,0,0,0
Odisha,SELLING OF GIRLS FOR PROSTITUTION,0,0,0,0,0,0,0,0,0,0,0,0,0,0,0
Punjab,SELLING OF GIRLS FOR PROSTITUTION,0,0,0,1,0,1,0,0,0,1,0,0,0,0,0
Rajasthan,SELLING OF GIRLS FOR PROSTITUTION,0,0,0,1,1,0,0,0,0,0,2,1,0,0,0
Sikkim,SELLING OF GIRLS FOR PROSTITUTION,0,0,0,0,0,0,0,0,0,0,0,0,0,0,0
Tamil Nadu,SELLING OF GIRLS FOR PROSTITUTION,0,0,0,0,0,0,0,0,0,0,0,0,0,0,0
Tripura,SELLING OF GIRLS FOR PROSTITUTION,0,0,0,0,0,0,0,0,0,0,0,0,0,0,0
Uttar Pradesh,SELLING OF GIRLS FOR PROSTITUTION,1,0,0,0,0,0,0,0,0,0,4,18,0,0,4
Uttarakhand,SELLING OF GIRLS FOR PROSTITUTION,0,0,0,0,0,0,0,0,0,0,0,0,0,0,0
West Bengal,SELLING OF GIRLS FOR PROSTITUTION,2,1,6,12,44,114,55,41,49,115,87,56,69,67,91
A&N Islands,SELLING OF GIRLS FOR PROSTITUTION,0,0,0,0,0,0,0,0,0,0,0,0,0,0,0
Chandigarh,SELLING OF GIRLS FOR PROSTITUTION,0,0,0,0,0,0,0,0,0,0,0,0,0,0,0
D&N Haveli,SELLING OF GIRLS FOR PROSTITUTION,0,0,0,0,0,0,0,0,0,0,0,0,0,0,0
Daman & Diu,SELLING OF GIRLS FOR PROSTITUTION,0,0,0,0,0,0,0,0,0,0,0,0,0,0,0
Delhi UT,SELLING OF GIRLS FOR PROSTITUTION,1,0,0,0,0,0,0,0,2,4,2,4,0,4,6
Lakshadweep,SELLING OF GIRLS FOR PROSTITUTION,0,0,0,0,0,0,0,0,0,0,0,0,0,0,0
Puducherry,SELLING OF GIRLS FOR PROSTITUTION,0,0,0,0,0,0,0,0,0,0,0,0,0,0,0
INDIA,SELLING OF GIRLS FOR PROSTITUTION,8,5,36,19,50,123,69,49,57,130,113,108,100,82,111
Andhra Pradesh,"PROHIBITION OF CHILD MARRIAGE ACT, 2006",6,6,4,4,9,17,21,19,0,0,15,29,16,29,30
Arunachal Pradesh,"PROHIBITION OF CHILD MARRIAGE ACT, 2006",0,0,0,0,0,0,0,0,0,0,0,0,0,0,0
Assam,"PROHIBITION OF CHILD MARRIAGE ACT, 2006",0,1,0,1,0,1,1,1,0,0,0,0,1,4,14
Bihar,"PROHIBITION OF CHILD MARRIAGE ACT, 2006",2,1,0,3,4,2,8,8,0,8,0,16,1,10,0
Chhattisgarh,"PROHIBITION OF CHILD MARRIAGE ACT, 2006",0,26,6,14,3,5,4,5,2,2,5,2,1,2,6
Goa,"PROHIBITION OF CHILD MARRIAGE ACT, 2006",0,0,0,0,0,0,0,1,0,0,0,0,0,0,0
Gujarat,"PROHIBITION OF CHILD MARRIAGE ACT, 2006",11,38,11,30,25,12,14,23,0,14,13,14,12,16,9
Haryana,"PROHIBITION OF CHILD MARRIAGE ACT, 2006",0,1,3,2,7,7,4,4,0,0,6,11,17,15,14
Himachal Pradesh,"PROHIBITION OF CHILD MARRIAGE ACT, 2006",0,3,1,2,3,1,1,2,0,5,0,0,2,4,1
Jammu & Kashmir,"PROHIBITION OF CHILD MARRIAGE ACT, 2006",0,0,0,0,0,0,0,0,0,0,0,0,0,0,0
Jharkhand,"PROHIBITION OF CHILD MARRIAGE ACT, 2006",0,0,0,0,0,0,4,0,0,0,0,0,1,1,1
Karnataka,"PROHIBITION OF CHILD MARRIAGE ACT, 2006",3,1,2,1,3,6,4,9,3,8,12,20,26,44,35
Kerala,"PROHIBITION OF CHILD MARRIAGE ACT, 2006",3,6,0,1,3,1,1,4,0,6,3,6,11,19,13
Madhya Pradesh,"PROHIBITION OF CHILD MARRIAGE ACT, 2006",4,2,3,2,18,4,5,2,0,4,5,3,6,15,9
Maharashtra,"PROHIBITION OF CHILD MARRIAGE ACT, 2006",43,18,16,14,22,15,7,5,0,4,19,6,16,14,24
Manipur,"PROHIBITION OF CHILD MARRIAGE ACT, 2006",0,0,0,0,0,0,0,0,0,0,0,0,0,0,0
Meghalaya,"PROHIBITION OF CHILD MARRIAGE ACT, 2006",0,0,0,0,0,2,1,0,0,0,0,1,0,0,0
Mizoram,"PROHIBITION OF CHILD MARRIAGE ACT, 2006",0,0,0,0,0,0,0,0,0,0,0,0,0,0,0
Nagaland,"PROHIBITION OF CHILD MARRIAGE ACT, 2006",0,0,0,0,0,0,0,0,0,0,0,0,0,0,0
Odisha,"PROHIBITION OF CHILD MARRIAGE ACT, 2006",0,0,0,1,0,3,1,1,0,0,1,1,0,0,1
Punjab,"PROHIBITION OF CHILD MARRIAGE ACT, 2006",0,1,2,2,11,9,5,6,0,0,0,0,0,2,5
Rajasthan,"PROHIBITION OF CHILD MARRIAGE ACT, 2006",10,7,6,2,3,1,3,3,0,2,5,10,5,5,6
Sikkim,"PROHIBITION OF CHILD MARRIAGE ACT, 2006",0,0,0,0,0,0,0,0,0,0,0,0,0,0,0
Tamil Nadu,"PROHIBITION OF CHILD MARRIAGE ACT, 2006",0,0,3,5,4,6,2,4,0,0,0,0,56,47,77
Tripura,"PROHIBITION OF CHILD MARRIAGE ACT, 2006",0,0,0,0,1,1,1,0,0,1,0,0,1,1,2
Uttar Pradesh,"PROHIBITION OF CHILD MARRIAGE ACT, 2006",1,2,4,1,4,0,0,0,0,5,4,5,5,10,4
Uttarakhand,"PROHIBITION OF CHILD MARRIAGE ACT, 2006",0,0,0,0,0,0,0,0,0,0,0,0,0,0,1
West Bengal,"PROHIBITION OF CHILD MARRIAGE ACT, 2006",0,0,1,8,2,6,9,6,0,0,25,43,43,37,40
A&N Islands,"PROHIBITION OF CHILD MARRIAGE ACT, 2006",0,0,0,0,0,0,0,0,0,0,0,0,0,0,1
Chandigarh,"PROHIBITION OF CHILD MARRIAGE ACT, 2006",2,0,0,0,0,0,0,0,0,0,0,0,0,0,0
D&N Haveli,"PROHIBITION OF CHILD MARRIAGE ACT, 2006",0,0,0,0,0,0,0,0,0,0,0,0,0,0,0
Daman & Diu,"PROHIBITION OF CHILD MARRIAGE ACT, 2006",0,0,0,0,0,0,0,0,0,0,0,0,0,0,0
Delhi UT,"PROHIBITION OF CHILD MARRIAGE ACT, 2006",0,0,1,0,0,0,0,1,0,0,0,1,1,2,0
Lakshadweep,"PROHIBITION OF CHILD MARRIAGE ACT, 2006",0,0,0,0,0,0,0,0,0,0,0,0,0,0,0
Puducherry,"PROHIBITION OF CHILD MARRIAGE ACT, 2006",0,0,0,0,0,0,0,0,0,1,0,1,1,3,0
INDIA,"PROHIBITION OF CHILD MARRIAGE ACT, 2006",85,113,63,93,122,99,96,104,5,60,113,169,222,280,293
Andhra Pradesh,TOTAL CRIMES AGAINST CHILDREN,270,333,1463,1328,950,1386,1499,1321,1719,1823,2213,2274,2576,3989,5112
Arunachal Pradesh,TOTAL CRIMES AGAINST CHILDREN,0,6,18,22,22,27,4,24,33,20,35,39,82,134,202
Assam,TOTAL CRIMES AGAINST CHILDREN,18,14,19,21,199,252,167,183,44,197,236,392,518,1385,2855
Bihar,TOTAL CRIMES AGAINST CHILDREN,83,57,56,59,115,66,675,766,1016,1843,2233,2894,1580,2255,2010
Chhattisgarh,TOTAL CRIMES AGAINST CHILDREN,585,733,614,940,997,1238,1024,1167,1321,1463,1782,1881,3737,4358,4567
Goa,TOTAL CRIMES AGAINST CHILDREN,34,31,57,53,53,54,70,80,92,79,75,122,270,330,256
Gujarat,TOTAL CRIMES AGAINST CHILDREN,572,710,665,799,836,977,1110,1074,968,1006,1131,1327,2076,3219,3729
Haryana,TOTAL CRIMES AGAINST CHILDREN,363,235,287,164,374,462,325,269,353,303,280,1015,1640,2540,3388
Himachal Pradesh,TOTAL CRIMES AGAINST CHILDREN,82,91,109,92,131,136,151,205,221,246,260,266,428,467,500
Jammu & Kashmir,TOTAL CRIMES AGAINST CHILDREN,28,42,49,35,57,85,26,10,18,17,25,40,75,211,312
Jharkhand,TOTAL CRIMES AGAINST CHILDREN,41,111,35,112,97,112,74,71,60,54,85,113,129,423,409
Karnataka,TOTAL CRIMES AGAINST CHILDREN,72,114,116,189,191,276,266,388,308,409,334,875,1353,3416,4267
Kerala,TOTAL CRIMES AGAINST CHILDREN,247,406,179,361,386,553,487,549,587,596,1452,1324,1877,2391,2464
Madhya Pradesh,TOTAL CRIMES AGAINST CHILDREN,1425,2329,2662,3653,3721,3939,4290,4259,4646,4912,4383,5168,8247,15085,13083
Maharashtra,TOTAL CRIMES AGAINST CHILDREN,1621,1860,2001,2281,2305,2841,2707,2709,2894,3264,3362,3456,6410,8115,14480
Manipur,TOTAL CRIMES AGAINST CHILDREN,0,0,36,31,20,54,49,89,72,73,87,104,123,137,120
Meghalaya,TOTAL CRIMES AGAINST CHILDREN,0,23,46,43,81,71,71,62,83,110,104,91,183,213,259
Mizoram,TOTAL CRIMES AGAINST CHILDREN,0,2,17,0,0,35,64,22,14,50,54,95,78,178,215
Nagaland,TOTAL CRIMES AGAINST CHILDREN,0,16,0,1,0,14,7,3,0,10,20,13,8,25,63
Odisha,TOTAL CRIMES AGAINST CHILDREN,68,56,140,129,86,154,201,141,194,194,315,418,1123,2196,2609
Punjab,TOTAL CRIMES AGAINST CHILDREN,123,161,184,193,211,329,527,389,729,627,622,877,1336,1762,1899
Rajasthan,TOTAL CRIMES AGAINST CHILDREN,218,204,240,403,580,951,1252,1223,1407,1318,1491,1807,2888,3880,4411
Sikkim,TOTAL CRIMES AGAINST CHILDREN,5,6,15,8,25,35,31,24,40,29,29,30,39,93,67
Tamil Nadu,TOTAL CRIMES AGAINST CHILDREN,61,135,177,393,288,353,441,666,634,810,925,1036,1188,2354,2880
Tripura,TOTAL CRIMES AGAINST CHILDREN,0,0,0,59,28,41,63,163,163,227,102,20,100,369,261
Uttar Pradesh,TOTAL CRIMES AGAINST CHILDREN,3709,1826,1702,1921,1801,1767,2248,4078,3085,2332,5500,6033,9857,14835,11462
Uttarakhand,TOTAL CRIMES AGAINST CHILDREN,46,27,23,56,76,51,101,38,33,31,83,122,232,489,663
West Bengal,TOTAL CRIMES AGAINST CHILDREN,167,175,148,206,236,432,361,513,484,880,1450,1706,2530,4909,5083
A&N Islands,TOTAL CRIMES AGAINST CHILDREN,0,3,6,14,8,9,10,47,41,51,31,28,54,50,104
Chandigarh,TOTAL CRIMES AGAINST CHILDREN,58,49,40,66,57,64,53,66,71,59,74,96,213,208,296
D&N Haveli,TOTAL CRIMES AGAINST CHILDREN,0,0,1,11,5,15,11,17,11,13,11,8,14,11,35
Daman & Diu,TOTAL CRIMES AGAINST CHILDREN,0,0,6,2,5,3,3,4,2,2,3,8,14,7,32
Delhi UT,TOTAL CRIMES AGAINST CHILDREN,912,697,516,766,1026,2160,2019,1854,2839,3630,4250,4462,7199,9350,10202
Lakshadweep,TOTAL CRIMES AGAINST CHILDREN,1,0,1,0,0,0,0,0,0,0,0,0,0,1,2
Puducherry,TOTAL CRIMES AGAINST CHILDREN,5,17,5,12,8,25,23,26,21,16,15,32,47,38,57
INDIA,TOTAL CRIMES AGAINST CHILDREN,10814,10469,11633,14423,14975,18967,20410,22500,24203,26694,33052,38172,58224,89423,98354
